{
  "project": "agile-insurance-website",
  "mcp": "mcp/agile_insurance_website.mcp.yaml",
  "files": [
    { "path": "prd_agile_insurance_RESTYLED.md", "purpose": "product-requirements" },
    { "path": "architecture_schema_agile_insurance_RESTYLED.md", "purpose": "architecture-schema" },
    { "path": "smart_prompts_agile_insurance_RESTYLED.md", "purpose": "task-list" },
    { "path": "homepage.md", "purpose": "static-page" },
    { "path": "about_us.md", "purpose": "static-page" },
    { "path": "our_services.md", "purpose": "static-page" },
    { "path": "our_products.md", "purpose": "static-page" },
    { "path": "our_team.md", "purpose": "static-page" },
    { "path": "our_partners_and_clients.md", "purpose": "static-page" },
    { "path": "contact_us.md", "purpose": "static-page" }
  ]
}
